{
  "norm_stats": {
    "observation.state": {
      "mean": [
        -0.04248608668017141,
        1.3902173615282403,
        -1.2438476540709391,
        -0.08426337821515412,
        0.8010559979939265,
        0.07854311052457368,
        0.026174213056070733,
        0.03531441818116892,
        1.4730948408082774,
        -1.320104966584067,
        0.35123310206461633,
        0.9081422124959164,
        -0.20398100352251186,
        0.021253074548128324
      ],
      "std": [
        0.2526305535560217,
        0.5755032018869504,
        0.4717843231689325,
        0.4000283298725337,
        0.2683381275265161,
        0.3500666863927191,
        0.028079543608494684,
        0.24578696607061,
        0.5692234128997872,
        0.5613447169233461,
        0.3397352958862848,
        0.23220270755299888,
        0.25821772871541193,
        0.02717553700047958
      ],
      "q01": [
        -0.7759045851230622,
        0.0,
        -2.364350743293762,
        -1.3931953954696654,
        0.09346495568752289,
        -0.6296586394309998,
        9.999999747378752e-05,
        -0.4982704222202301,
        0.0,
        -2.579932689666748,
        -0.42713379859924316,
        0.34031498432159424,
        -0.921078085899353,
        0.0
      ],
      "q99": [
        0.4795006811618805,
        2.4085059213638265,
        -0.45253226161003113,
        0.780235230922699,
        1.2222661972045898,
        1.2917805910110474,
        0.07970000058412552,
        0.769262969493866,
        2.427506923675537,
        -0.4065847396850586,
        1.1642125844955444,
        1.2224406003952026,
        0.37085944414138794,
        0.0794999971985817
      ]
    },
    "action": {
      "mean": [
        -0.04248608668017141,
        1.3902173615282403,
        -1.2438476540709391,
        -0.08426337821515412,
        0.8010559979939265,
        0.07854311052457368,
        0.026174213056070733,
        0.03531441818116892,
        1.4730948408082774,
        -1.320104966584067,
        0.35123310206461633,
        0.9081422124959164,
        -0.20398100352251186,
        0.021253074548128324
      ],
      "std": [
        0.2526305535560217,
        0.5755032018869504,
        0.4717843231689325,
        0.4000283298725337,
        0.2683381275265161,
        0.3500666863927191,
        0.028079543608494684,
        0.24578696607061,
        0.5692234128997872,
        0.5613447169233461,
        0.3397352958862848,
        0.23220270755299888,
        0.25821772871541193,
        0.02717553700047958
      ],
      "q01": [
        -0.7759045851230622,
        0.0,
        -2.364350743293762,
        -1.3931953954696654,
        0.09346495568752289,
        -0.6296586394309998,
        9.999999747378752e-05,
        -0.4982704222202301,
        0.0,
        -2.579932689666748,
        -0.42713379859924316,
        0.34031498432159424,
        -0.921078085899353,
        0.0
      ],
      "q99": [
        0.4795006811618805,
        2.4085059213638265,
        -0.45253226161003113,
        0.780235230922699,
        1.2222661972045898,
        1.2917805910110474,
        0.07970000058412552,
        0.769262969493866,
        2.427506923675537,
        -0.4065847396850586,
        1.1642125844955444,
        1.2224406003952026,
        0.37085944414138794,
        0.0794999971985817
      ]
    }
  },
  "delta_mask": [
    false,
    false,
    false,
    false,
    false,
    false,
    false,
    false,
    false,
    false,
    false,
    false,
    false,
    false
  ],
  "action_repr": "abs"
}