{
  "rig": "visrobot01",
  "normalization": "quantile-normalized DELTA action (arm=delta vs window-anchor, grippers absolute), ~[-1,1]; MAE in these normalized units",
  "steps": 2500,
  "n_val_pairs": 12032,
  "n_train_windows": 3082265,
  "n_val_windows": 137047,
  "idm_mae_overall": 0.23019619286060333,
  "baseline_zero_mae_overall": 0.31183066964149475,
  "baseline_mean_mae_overall": 0.28386014699935913,
  "idm_mae_arm_joints": 0.20709745585918427,
  "idm_mae_grippers": 0.3687886893749237,
  "improvement_vs_zero_pct": 26.17910447190614,
  "improvement_vs_mean_pct": 18.90506811400931,
  "per_dim": {
    "L_arm_j0": {
      "idm_mae": 0.10626956075429916,
      "zero_mae": 0.18528951704502106,
      "mean_mae": 0.10039563477039337
    },
    "L_arm_j1": {
      "idm_mae": 0.2461036890745163,
      "zero_mae": 0.2524113655090332,
      "mean_mae": 0.2715928554534912
    },
    "L_arm_j2": {
      "idm_mae": 0.22276130318641663,
      "zero_mae": 0.25852999091148376,
      "mean_mae": 0.24312739074230194
    },
    "L_arm_j3": {
      "idm_mae": 0.2063828706741333,
      "zero_mae": 0.27342286705970764,
      "mean_mae": 0.2316267043352127
    },
    "L_arm_j4": {
      "idm_mae": 0.21517036855220795,
      "zero_mae": 0.23465389013290405,
      "mean_mae": 0.23346258699893951
    },
    "L_arm_j5": {
      "idm_mae": 0.18070025742053986,
      "zero_mae": 0.2151198387145996,
      "mean_mae": 0.19872769713401794
    },
    "L_gripper": {
      "idm_mae": 0.37840530276298523,
      "zero_mae": 0.689970850944519,
      "mean_mae": 0.6776795387268066
    },
    "R_arm_j0": {
      "idm_mae": 0.16016726195812225,
      "zero_mae": 0.16381435096263885,
      "mean_mae": 0.14348773658275604
    },
    "R_arm_j1": {
      "idm_mae": 0.24675717949867249,
      "zero_mae": 0.2843768000602722,
      "mean_mae": 0.29958033561706543
    },
    "R_arm_j2": {
      "idm_mae": 0.2219691127538681,
      "zero_mae": 0.26456865668296814,
      "mean_mae": 0.25525277853012085
    },
    "R_arm_j3": {
      "idm_mae": 0.22308868169784546,
      "zero_mae": 0.280313640832901,
      "mean_mae": 0.22947710752487183
    },
    "R_arm_j4": {
      "idm_mae": 0.2216288447380066,
      "zero_mae": 0.2950561046600342,
      "mean_mae": 0.22657088935375214
    },
    "R_arm_j5": {
      "idm_mae": 0.2341703176498413,
      "zero_mae": 0.23517851531505585,
      "mean_mae": 0.24225422739982605
    },
    "R_gripper": {
      "idm_mae": 0.3591720759868622,
      "zero_mae": 0.7329229712486267,
      "mean_mae": 0.6208063960075378
    }
  },
  "train_mean": [
    0.11623275279998779,
    0.011476629413664341,
    -0.08069972693920135,
    -0.1031147763133049,
    0.048857081681489944,
    0.049215298146009445,
    -0.28577926754951477,
    0.0052077025175094604,
    -0.08320700377225876,
    -0.08476004749536514,
    0.10121584683656693,
    0.132377490401268,
    -0.01104043796658516,
    -0.4923871159553528
  ],
  "elapsed_sec": 2959.8578062057495
}