{
  "norm_stats": {
    "state": {
      "mean": [
        -0.002528644632548094,
        0.8044881820678711,
        -0.8150650858879089,
        -0.00015237141633406281,
        0.63639235496521,
        0.049884945154190063,
        0.04902708902955055,
        0.1333390176296234,
        0.7545976042747498,
        -0.7178987264633179,
        0.041462868452072144,
        0.6383287906646729,
        -0.21261821687221527,
        0.03836112469434738,
        0.0,
        0.0,
        0.0,
        0.0,
        0.0,
        0.0,
        0.0,
        0.0,
        0.0,
        0.0,
        0.0,
        0.0,
        0.0,
        0.0,
        0.0,
        0.0,
        0.0,
        0.0
      ],
      "std": [
        0.20371025800704956,
        0.9277688264846802,
        0.5383312106132507,
        0.32018762826919556,
        0.5980809330940247,
        0.5030514001846313,
        0.02646087482571602,
        0.2214089035987854,
        0.9132531881332397,
        0.5253589153289795,
        0.41800767183303833,
        0.5679519772529602,
        0.6389612555503845,
        0.029960252344608307,
        0.0,
        0.0,
        0.0,
        0.0,
        0.0,
        0.0,
        0.0,
        0.0,
        0.0,
        0.0,
        0.0,
        0.0,
        0.0,
        0.0,
        0.0,
        0.0,
        0.0,
        0.0
      ],
      "q01": [
        -0.6405936236023904,
        -0.003027454963233322,
        -2.554934175600251,
        -0.7919905069589614,
        -1.2241939400672912,
        -1.5207001297950744,
        0.00009999999747378752,
        -0.3953548978805542,
        -0.0005305346849374475,
        -2.2495894470214846,
        -0.6001340229988099,
        -1.2224927991867065,
        -2.6445318725585936,
        0.0,
        0.0,
        0.0,
        0.0,
        0.0,
        0.0,
        0.0,
        0.0,
        0.0,
        0.0,
        0.0,
        0.0,
        0.0,
        0.0,
        0.0,
        0.0,
        0.0,
        0.0,
        0.0
      ],
      "q99": [
        0.4409896882772446,
        2.6068398277726024,
        -0.23868990165101112,
        1.4546953276872636,
        1.220907744884491,
        1.8603160667419436,
        0.07969637821864599,
        0.7557286897182465,
        2.492384114662325,
        -0.0023445434570317225,
        1.7445508365631102,
        1.2214926903724672,
        0.7540866689682009,
        0.07946853653788566,
        0.0,
        0.0,
        0.0,
        0.0,
        0.0,
        0.0,
        0.0,
        0.0,
        0.0,
        0.0,
        0.0,
        0.0,
        0.0,
        0.0,
        0.0,
        0.0,
        0.0,
        0.0
      ]
    },
    "actions": {
      "mean": [
        -0.00018565509526524693,
        -0.0007919866475276649,
        0.00038295466220006347,
        -0.0011100807460024953,
        0.004770184867084026,
        0.0013591510942205787,
        0.044178593903779984,
        0.0001846374070737511,
        -0.0009068025392480195,
        0.0005206040223129094,
        -0.0013062444049865007,
        0.0034199708607047796,
        0.000918449426535517,
        0.03332054615020752,
        0.0,
        0.0,
        0.0,
        0.0,
        0.0,
        0.0,
        0.0,
        0.0,
        0.0,
        0.0,
        0.0,
        0.0,
        0.0,
        0.0,
        0.0,
        0.0,
        0.0,
        0.0
      ],
      "std": [
        0.10598563402891159,
        0.4255344271659851,
        0.37126457691192627,
        0.264926940202713,
        0.5746479034423828,
        0.3209747076034546,
        0.029263777658343315,
        0.13825199007987976,
        0.3723655641078949,
        0.29787150025367737,
        0.3492014408111572,
        0.4720156490802765,
        0.38332271575927734,
        0.031666308641433716,
        0.0,
        0.0,
        0.0,
        0.0,
        0.0,
        0.0,
        0.0,
        0.0,
        0.0,
        0.0,
        0.0,
        0.0,
        0.0,
        0.0,
        0.0,
        0.0,
        0.0,
        0.0
      ],
      "q01": [
        -0.40821904890537264,
        -1.5805063400268553,
        -1.3628531341552734,
        -0.9290031028747558,
        -1.997786054611206,
        -1.1954554848670957,
        -0.00010140001529362051,
        -0.512380477643013,
        -1.4067175924301147,
        -1.0026895818710329,
        -1.421120651769638,
        -1.8637256786346437,
        -1.401555203771591,
        -0.0011564799507381394,
        0.0,
        0.0,
        0.0,
        0.0,
        0.0,
        0.0,
        0.0,
        0.0,
        0.0,
        0.0,
        0.0,
        0.0,
        0.0,
        0.0,
        0.0,
        0.0,
        0.0,
        0.0
      ],
      "q99": [
        0.36058749547004676,
        1.689111086845398,
        1.3933979740142823,
        0.9098497039794924,
        2.1613734579086303,
        1.217638158178329,
        0.08736203952475917,
        0.4929934557676314,
        1.4146326147079464,
        1.1682164474487302,
        1.5802535141944882,
        1.9814128269195557,
        1.6378412767887118,
        0.09196160190575756,
        0.0,
        0.0,
        0.0,
        0.0,
        0.0,
        0.0,
        0.0,
        0.0,
        0.0,
        0.0,
        0.0,
        0.0,
        0.0,
        0.0,
        0.0,
        0.0,
        0.0,
        0.0
      ]
    }
  }
}