{
  "ckpt": "/vePFS/tim/workspace/deepdive_kai0/xvla/ckpts/xvla_x3c_smooth800_d5anchor/step_final/state_dict.pt",
  "step": 60000,
  "val_root": "/vePFS/tim/workspace/deepdive_kai0/xvla/data/self_built/A_new_smooth_800_xvla",
  "domain_id": 20,
  "n_windows_requested": 1000,
  "n_windows_eval": 1000,
  "batch_size": 16,
  "chunk_size": 30,
  "pred_chunk_len": 30,
  "num_denoising_steps": 10,
  "gen_seed": 12345,
  "horizons": [
    1,
    10,
    25,
    30
  ],
  "window_selection": {
    "total_episodes": 806,
    "heldout_ep_start": 756,
    "heldout_ep_end": 805,
    "region_n_windows": 87670,
    "stride": 87,
    "n_selected": 1000,
    "first_global_idx": 814011,
    "last_global_idx": 900924,
    "first_sample": [
      756,
      0
    ],
    "last_sample": [
      810,
      712
    ]
  },
  "per_step_mae": [
    0.03869815357029438,
    0.042068426549434663,
    0.047152817845344544,
    0.05308280256390572,
    0.058897330075502394,
    0.06452720004320145,
    0.06974368578195572,
    0.07554299294948578,
    0.08061923313140869,
    0.08565703994035721,
    0.09017440575361252,
    0.09455709952116012,
    0.09829596656560897,
    0.10171828931570052,
    0.10516693037748337,
    0.1085280950665474,
    0.11194257420301437,
    0.11482879394292832,
    0.11797170853614806,
    0.12084703814983368,
    0.1237049588561058,
    0.12622757905721665,
    0.12869735515117645,
    0.13081482899188995,
    0.133358833193779,
    0.1352403302192688,
    0.13736413025856017,
    0.1393849014043808,
    0.14115017557144166,
    0.14212000524997712
  ],
  "results": {
    "MAE@1": 0.03869815357029438,
    "MAE@10": 0.06159896824508906,
    "MAE@25": 0.09291296556532384,
    "MAE@30": 0.10060278939455748
  },
  "elapsed_s": 168.54255080223083
}