{
  "n_eps": 3055,
  "corr_viterbi_vs_manual": {
    "mean": 0.9573003790971818,
    "median": 0.9565309352548124,
    "frac>=0.8": 1.0,
    "frac>=0.7": 1.0
  },
  "corr_anchor_vs_manual": {
    "mean": 0.9590375568940891,
    "median": 0.9652277135677889,
    "frac>=0.8": 0.9986906710310965,
    "frac>=0.7": 1.0
  },
  "mono_viterbi_mean": 1.0,
  "mono_anchor_mean": 1.0,
  "t90_viterbi_mean": 0.8771768048529794
}