{
  "norm_stats": {
    "observation.state": {
      "mean": [
        -0.04743580773336878,
        1.274656281901834,
        -1.163385359371217,
        -0.06503937236211373,
        0.7739289667605598,
        0.06894293075426094,
        0.025571249656854762,
        0.0517977829073949,
        1.337413524908066,
        -1.2324066209864801,
        0.3018073565261826,
        0.8798762633343133,
        -0.18486798879365085,
        0.019386931943365
      ],
      "std": [
        0.24820009534847418,
        0.6666270920401735,
        0.4969963639359986,
        0.37928710382431385,
        0.2492488633744711,
        0.3500501317512875,
        0.027590126621536776,
        0.23674490266877907,
        0.6759740813013373,
        0.5836542290209129,
        0.3346742814561701,
        0.222659889456451,
        0.2506775928633607,
        0.027196267235777602
      ],
      "q01": [
        -0.7794261547327042,
        -0.0004404954366385933,
        -2.3261878521401202,
        -1.3639144045591354,
        0.09310444092750547,
        -0.5953618160247802,
        9.564000070095064e-05,
        -0.4739099293231964,
        -0.0011585399012081325,
        -2.5247896567889256,
        -0.4181771219968796,
        0.3384458355545997,
        -0.8964399064064026,
        0.0
      ],
      "q99": [
        0.4231634615659712,
        2.4063492618450897,
        -0.441825601451157,
        0.737126889133453,
        1.2212641767024994,
        1.299323993253708,
        0.0796840605840087,
        0.6877846881628038,
        2.3948953016757035,
        -0.4016561907783034,
        1.11291824054718,
        1.2217887182593345,
        0.3489159522056582,
        0.07948409719914197
      ]
    },
    "action": {
      "mean": [
        -0.04857069956758336,
        1.2727414067077565,
        -1.1623263717764225,
        -0.06447442479641716,
        0.7743249994714625,
        0.06823888060902036,
        0.02554812401242772,
        0.052145865828146565,
        1.335214928495202,
        -1.2312773959887995,
        0.30081702734662563,
        0.8800091336812459,
        -0.18433075131011595,
        0.01937542029783887
      ],
      "std": [
        0.24919452564785685,
        0.6680368918123692,
        0.4974886490376488,
        0.379078721311489,
        0.24889459771901,
        0.35000132261611006,
        0.027586441083540584,
        0.2367818398160051,
        0.6772759063732674,
        0.5840665688488991,
        0.33489136575752715,
        0.22215244646115012,
        0.2507371472713661,
        0.02719417728082441
      ],
      "q01": [
        -0.7789578565955162,
        -0.0004404954366385933,
        -2.3261878521401202,
        -1.3639144045591354,
        0.09754601469039925,
        -0.5953618160247802,
        9.564000070095064e-05,
        -0.4714350792646408,
        -0.0011585399012081325,
        -2.5241954408734455,
        -0.4181771219968796,
        0.34060559810400004,
        -0.895738692522049,
        0.0
      ],
      "q99": [
        0.4231634615659712,
        2.4063492618450897,
        -0.441825601451157,
        0.736427241683006,
        1.2212641767024994,
        1.299323993253708,
        0.0796840605840087,
        0.6877846881628038,
        2.3937061930694616,
        -0.40225040669378354,
        1.11170260310173,
        1.2217887182593345,
        0.3489159522056582,
        0.07948409719914197
      ]
    }
  },
  "delta_mask": [
    false,
    false,
    false,
    false,
    false,
    false,
    false,
    false,
    false,
    false,
    false,
    false,
    false,
    false
  ],
  "action_repr": "abs"
}