{
  "norm_stats": {
    "observation.state": {
      "mean": [
        -0.0962123470344001,
        1.584551851827172,
        -1.3317530279417733,
        -0.09321927700293418,
        0.815168719779229,
        0.027012953811071716,
        0.02630792427940252,
        0.127224874798077,
        1.4881474559450216,
        -1.4367465261068462,
        0.04832504793008398,
        0.9115411449538445,
        -0.0015002835865494046,
        0.03431610640556009
      ],
      "std": [
        0.20676717031747194,
        0.5038640111220244,
        0.475353324449633,
        0.29959172211284124,
        0.23493232099039368,
        0.27313949328589865,
        0.032601684717915004,
        0.18124978048868856,
        0.5262947048805104,
        0.5195037771067178,
        0.27853513806973196,
        0.23362961753865216,
        0.24977077470920672,
        0.03202643464365685
      ],
      "q01": [
        -0.6962808117866516,
        0.003231410058774054,
        -2.518425507493352,
        -1.1660528379440307,
        0.2221544113874434,
        -0.5229252153635024,
        -0.0008006997603923083,
        -0.21862039697170255,
        0.003631666217930615,
        -2.6643514080047606,
        -0.6294951744556426,
        0.28482873182296764,
        -0.8227818927288055,
        0.00018475995890330523
      ],
      "q99": [
        0.2982778685092926,
        2.4228443109087645,
        -0.5100343023596796,
        0.578393824005127,
        1.2312179136991501,
        1.0815919292449951,
        0.09939390148259698,
        0.6821257841587067,
        2.4494128907639534,
        -0.5146636819839476,
        0.9355069995403293,
        1.2359644390106204,
        0.5991083354949951,
        0.09949509744293755
      ]
    },
    "action": {
      "mean": [
        -0.10285517643145896,
        1.601050585894015,
        -1.3507651684934865,
        -0.09304399364052368,
        0.8160590179232635,
        0.025205755966047315,
        0.026631663654849463,
        0.12803525411158143,
        1.5068382123807187,
        -1.464957472731196,
        0.0464832919393621,
        0.9125658545439288,
        -0.0001189514982032669,
        0.034361743864319616
      ],
      "std": [
        0.21181430626702977,
        0.48371278356533826,
        0.47277379425153293,
        0.30126902887349544,
        0.23557629620084544,
        0.2710966135538776,
        0.032760389198592775,
        0.1815767837420786,
        0.49860128850787416,
        0.5157220187491646,
        0.279366792511715,
        0.23453999685439564,
        0.2496980834716539,
        0.03197447402208019
      ],
      "q01": [
        -0.7087077844142914,
        0.17411137951556593,
        -2.519019179147249,
        -1.1674373194217682,
        0.2225969830989838,
        -0.5236962471485138,
        -0.0008006997603923083,
        -0.21862039697170255,
        0.005441568456124514,
        -2.6839859762191773,
        -0.6294951744556426,
        0.283324563598633,
        -0.8198815557003021,
        0.00018475995890330523
      ],
      "q99": [
        0.2978769984245302,
        2.4216576444542035,
        -0.5189393771681354,
        0.581162786960602,
        1.23166048541069,
        1.0684843888998032,
        0.09939390148259698,
        0.683867197751999,
        2.4476029885257593,
        -0.5194235773086548,
        0.932990918874741,
        1.2359644390106204,
        0.5998334197521213,
        0.09949509744293755
      ]
    }
  },
  "delta_mask": [
    false,
    false,
    false,
    false,
    false,
    false,
    false,
    false,
    false,
    false,
    false,
    false,
    false,
    false
  ],
  "action_repr": "abs"
}