{
  "delta_mask": [
    true,
    true,
    true,
    true,
    true,
    true,
    false,
    true,
    true,
    true,
    true,
    true,
    true,
    false
  ],
  "action_repr": "mixed",
  "norm_stats": {
    "observation.state": {
      "mean": [
        -0.09621234703440065,
        1.584551851827174,
        -1.331753027941761,
        -0.09321927700293432,
        0.8151687197792241,
        0.027012953811071713,
        0.02630792427940241,
        0.12722487479807507,
        1.4881474559450243,
        -1.4367465261068526,
        0.04832504793008393,
        0.9115411449538516,
        -0.0015002835865494306,
        0.034316106405560064
      ],
      "std": [
        0.20676717031747216,
        0.5038640111220059,
        0.47535332444967415,
        0.2995917221128431,
        0.23493232099039818,
        0.273139493285898,
        0.0326016847179152,
        0.18124978048869023,
        0.5262947048804931,
        0.5195037771066952,
        0.27853513806973257,
        0.233629617538636,
        0.2497707747092073,
        0.032026434643656995
      ],
      "q01": [
        -0.6962808117866516,
        0.003231410058774054,
        -2.518425507493352,
        -1.1660528379440307,
        0.2221544113874434,
        -0.5229252153635024,
        -0.0008006997603923083,
        -0.21862039697170255,
        0.003631666217930615,
        -2.6643514080047606,
        -0.6294951744556426,
        0.28482873182296764,
        -0.8227818927288055,
        0.00018475995890330523
      ],
      "q99": [
        0.2982778685092926,
        2.4228443109087645,
        -0.5100343023596796,
        0.578393824005127,
        1.2312179136991501,
        1.0815919292449951,
        0.09939390148259698,
        0.6821257841587067,
        2.4494128907639534,
        -0.5146636819839476,
        0.9355069995403293,
        1.2359644390106204,
        0.5991083354949951,
        0.09949509744293755
      ]
    },
    "action": {
      "mean": [
        -0.006642829395830308,
        0.016498734063331657,
        -0.019012140551543596,
        0.00017528336462546755,
        0.0008902981443005115,
        -0.001807197842402982,
        0.026631663654849497,
        0.0008103793125724617,
        0.018690756435990892,
        -0.02821094662631354,
        -0.0018417559914287432,
        0.0010247095885838693,
        0.0013813320895088464,
        0.03436174386431989
      ],
      "std": [
        0.13180641406963628,
        0.4297988899957622,
        0.35290708589062164,
        0.19782119193046924,
        0.20244953321114934,
        0.16345637680572597,
        0.03276038919859244,
        0.10681070654665561,
        0.4507676463148401,
        0.3848328594417155,
        0.18032440326883,
        0.19068895508819886,
        0.1431822397229153,
        0.03197447402207791
      ],
      "q01": [
        -0.5701752301454543,
        -1.0219098443984984,
        -1.0388212633132934,
        -0.6020151981353761,
        -0.6291510957241059,
        -0.49497383360862734,
        -0.0008006997603923083,
        -0.34907197303771964,
        -1.0563689119338988,
        -1.1628569391727448,
        -0.5824949634075165,
        -0.5652647588253021,
        -0.4589467383861541,
        0.00018475995890330523
      ],
      "q99": [
        0.3650851377248765,
        1.350930955410004,
        1.002524115562439,
        0.6304792848587035,
        0.5299973778963087,
        0.49463709058761607,
        0.09939390148259698,
        0.41700006265640255,
        1.407610165023804,
        1.0059342611312867,
        0.5335441296100618,
        0.5241308534622191,
        0.42280421471595764,
        0.09949509744293755
      ]
    }
  }
}